{"variables":[{"identifier":"next_id","value":22}],"tasks":[{"id":1,"description":"Do laundry","completed":true,"deadline":{"set":true,"value":1555718400.0},"tags":[{"tagid":"#life"},{"tagid":"#work"},{"tagid":"#chores"}],"priority":6},{"id":2,"description":"scheduler","completed":false,"deadline":{"set":true,"value":1556200000.0},"tags":[{"tagid":"#school"}],"priority":10},{"id":3,"description":"have fun baby","completed":true,"deadline":{"set":false,"value":0.0},"tags":[{"tagid":"#school"}],"priority":6},{"id":4,"description":"do Math hw","completed":true,"deadline":{"set":false,"value":0.0},"tags":[],"priority":6},{"id":5,"description":"task1","completed":true,"deadline":{"set":true,"value":1556193600.0},"tags":[],"priority":9},{"id":6,"description":"adbs","completed":false,"deadline":{"set":false,"value":0.0},"tags":[],"priority":9},{"id":7,"description":"Testing Multiple Descriptors against something else which I forgot","completed":true,"deadline":{"set":false,"value":0.0},"tags":[],"priority":8},{"id":8,"description":"test multiple","completed":false,"deadline":{"set":false,"value":0.0},"tags":[],"priority":6},{"id":9,"description":"test","completed":false,"deadline":{"set":false,"value":0.0},"tags":[],"priority":8},{"id":10,"description":"medium","completed":false,"deadline":{"set":true,"value":2000000000.0},"tags":[],"priority":5},{"id":11,"description":"higher","completed":true,"deadline":{"set":true,"value":1556222400.0},"tags":[],"priority":6},{"id":13,"description":"more medium","completed":true,"deadline":{"set":true,"value":1556139600.0},"tags":[],"priority":5},{"id":14,"description":"testing","completed":true,"deadline":{"set":true,"value":1556163240.0},"tags":[],"priority":1},{"id":15,"description":"testing2","completed":true,"deadline":{"set":true,"value":1556249640.0},"tags":[],"priority":10},{"id":16,"description":"overdue task","completed":false,"deadline":{"set":true,"value":1555794000.0},"tags":[],"priority":3},{"id":21,"description":"very important","completed":false,"deadline":{"set":true,"value":1556294160.0},"tags":[{"tagid":"#deep"}],"priority":10}]}